<?xml version="1.0" standalone="yes"?>
<ConfigPath>
  <model>
    <Name>Sample1</Name>
    <InternalCard>/mnt/sdcard</InternalCard>
  </model>
  <model>
    <Name>Sample2</Name>
    <InternalCard>/storage/sdcard0</InternalCard>
  </model>
  <model>
    <Name>Sample3</Name>
    <InternalCard>/mnt/sdcard2</InternalCard>
  </model>
  <model>
    <Name>Sample4</Name>
    <InternalCard>/mnt/external_sd</InternalCard>
  </model>
  <model>
    <Name>Sample5</Name>
    <InternalCard>/mnt/sdcard-ext</InternalCard>
  </model>
  <model>
    <Name>Sample6</Name>
    <InternalCard>/mnt/sdcard/external_sd</InternalCard>
  </model>
  <model>
    <Name>Sample7</Name>
    <InternalCard>/mnt/extsdcard</InternalCard>
  </model>
  <model>
    <Name>Sample8</Name>
    <InternalCard>/mnt/extsd</InternalCard>
  </model>
  <model>
    <Name>Sample9</Name>
    <InternalCard>/mnt/emmc</InternalCard>
  </model>
  <model>
    <Name>Sample10</Name>
    <InternalCard>/mnt/extern_sd</InternalCard>
  </model>
  <model>
    <Name>Sample11</Name>
    <InternalCard>/mnt/ext_sd</InternalCard>
  </model>
  <model>
    <Name>Sample12</Name>
    <InternalCard>/mnt/ext_card</InternalCard>
  </model>
  <model>
    <Name>Sample13</Name>
    <InternalCard>/mnt/_ExternalSD</InternalCard>
  </model>
  <model>
    <Name>Sample14</Name>
    <InternalCard>/storage/extsdcard</InternalCard>
  </model>
  <model>
    <Name>Sample15</Name>
    <InternalCard>/storage/emulated/0</InternalCard>
  </model>
  <model>
    <Name>Sample16</Name>
    <InternalCard>/storage/sdcard1</InternalCard>
  </model>
  <model>
    <Name>Sample17</Name>
    <InternalCard>/sdcard2</InternalCard>
  </model>
  <model>
    <Name>Sample18</Name>
    <InternalCard>/sdcard</InternalCard>
  </model>
  <model>
    <Name>Sample19</Name>
    <InternalCard>/sdcard/sd</InternalCard>
  </model>
  <model>
    <Name>Sample20</Name>
    <InternalCard>/sdcard/external_sd</InternalCard>
  </model>
  <model>
    <Name>Sample21</Name>
    <InternalCard>/mnt/sd</InternalCard>
  </model>
  <model>
    <Name>Sample22</Name>
    <InternalCard>/mnt</InternalCard>
  </model>
  <model>
    <Name>Sample23</Name>
    <InternalCard>/storage</InternalCard>
  </model>
  <model>
    <Name>Sample24</Name>
    <InternalCard>/mnt/sdcard/sd</InternalCard>
  </model>
  <model>
    <Name>Sample25</Name>
    <InternalCard>/mnt/exsdcard</InternalCard>
  </model>
  <model>
    <Name>Sample26</Name>
    <InternalCard>/mnt/sdcard/extStorages/sdcard</InternalCard>
  </model>
  <model>
    <Name>Sample27</Name>
    <InternalCard>/ext_card</InternalCard>
  </model>
  <model>
    <Name>Sample28</Name>
    <InternalCard>/sotrage/exsdcard</InternalCard>
  </model>
</ConfigPath>