<?xml version="1.0" standalone="yes"?>
<Port_Arrangement>
  <IsEnabled>
    <Value>True</Value>
  </IsEnabled>
  <Node>
    <Index>1</Index>
    <Port>#0001#0001</Port>
  </Node>
  <Node>
    <Index>2</Index>
    <Port>#0001#0002</Port>
  </Node>
  <Node>
    <Index>3</Index>
    <Port>#0001#0003</Port>
  </Node>
  <Node>
    <Index>4</Index>
    <Port>-1</Port>
  </Node>
  <Node>
    <Index>5</Index>
    <Port>-1</Port>
  </Node>
  <Node>
    <Index>6</Index>
    <Port>-1</Port>
  </Node>
  <Node>
    <Index>7</Index>
    <Port>-1</Port>
  </Node>
  <Node>
    <Index>8</Index>
    <Port>-1</Port>
  </Node>
  <Node>
    <Index>9</Index>
    <Port>-1</Port>
  </Node>
  <Node>
    <Index>10</Index>
    <Port>-1</Port>
  </Node>
  <Node>
    <Index>11</Index>
    <Port>-1</Port>
  </Node>
  <Node>
    <Index>12</Index>
    <Port>-1</Port>
  </Node>
  <Node>
    <Index>13</Index>
    <Port>-1</Port>
  </Node>
  <Node>
    <Index>14</Index>
    <Port>-1</Port>
  </Node>
  <Node>
    <Index>15</Index>
    <Port>-1</Port>
  </Node>
  <Node>
    <Index>16</Index>
    <Port>-1</Port>
  </Node>
  <Node>
    <Index>17</Index>
    <Port>-1</Port>
  </Node>
  <Node>
    <Index>18</Index>
    <Port>-1</Port>
  </Node>
  <Node>
    <Index>19</Index>
    <Port>-1</Port>
  </Node>
  <Node>
    <Index>20</Index>
    <Port>-1</Port>
  </Node>
  <Node>
    <Index>21</Index>
    <Port>-1</Port>
  </Node>
  <Node>
    <Index>22</Index>
    <Port>-1</Port>
  </Node>
  <Node>
    <Index>23</Index>
    <Port>-1</Port>
  </Node>
  <Node>
    <Index>24</Index>
    <Port>-1</Port>
  </Node>
</Port_Arrangement>